{
    "ActionSound": "",
    "AutoUnlock": true,
    "Cards": [
        "{\n    \"UnitsInDeck\": 3,\n    \"Card\": \"heal\"\n}",
        "{\n    \"UnitsInDeck\": 3,\n    \"Card\": \"vitalize\"\n}",
        "{\n    \"UnitsInDeck\": 3,\n    \"Card\": \"chargebattery\"\n}",
        "{\n    \"UnitsInDeck\": 2,\n    \"Card\": \"sacredbolt\"\n}",
        "{\n    \"UnitsInDeck\": 2,\n    \"Card\": \"electricdischarge\"\n}",
        "{\n    \"UnitsInDeck\": 1,\n    \"Card\": \"managem\"\n}",
        "{\n    \"UnitsInDeck\": 1,\n    \"Card\": \"curingheal\"\n}"
    ],
    "ChallengePack0": "wizard",
    "ChallengePack1": "saint",
    "ChallengePack2": "friar",
    "ChallengePack3": "healer",
    "ChallengePack4": "witch",
    "ChallengePack5": "tempest",
    "ChallengePack6": "enchanter",
    "CharacterDescription": "Rosalinde hails from a separate elven kingdom called Elheim. Upon hearing about the Obelisk Disturbance occuring in Senenthia, she came over to investigate at the behest of her friend, Sylvie.",
    "CharacterDescriptionStrength": "This character excels at Sanctify, Regeneration, Buffer, and Supporting Mages!",
    "CharacterName": "Rosalinde",
    "Energy": 1,
    "EnergyTurn": 3,
    "Female": true,
    "FluffOffsetX": 0,
    "FluffOffsetY": 3.40000009536743,
    "HeroClass": "Mage",
    "HeroClassSecondary": "Healer",
    "HitSound": "vx_pc_evelyn_hurt_01",
    "HP": 70,
    "ID": "augur",
    "Item": "worldtreeleaf",
    "MaxHP": [
        0,
        8,
        8,
        8,
        8
    ],
    "OrderInList": 5,
    "ResistSlashing": 0,
    "ResistBlunt": 0,
    "ResistPiercing": 5,
    "ResistFire": 5,
    "ResistCold": 15,
    "ResistLightning": 15,
    "ResistHoly": 15,
    "ResistShadow": 5,
    "ResistMind": 5,
    "Speed": 13,
    "SpriteBorderLocked": "rosalindeSilueta",
    "StickerBase": "",
    "StickerAngry": "",
    "StickerIndifferent": "",
    "StickerLove": "",
    "StickerSurprise": "",
    "StickerOffsetX": 0.100000001490116,
    "SubclassName": "Augur",
    "Trait0": "augurtrait0",
    "Trait1A": "augurtrait1a",
    "Trait1B": "augurtrait1b",
    "Trait2A": "augurtrait2a",
    "Trait2B": "augurtrait2b",
    "Trait3A": "augurtrait3a",
    "Trait3B": "augurtrait3b",
    "Trait4A": "augurtrait4a",
    "Trait4B": "augurtrait4b",
    "CardsSingularity": ["bindingheal", "shocknova", "sacredbolt", "electricdischarge","heal", "vitalize", "chargebattery", "managem", "curingheal","zap","flash","holynova","sunbeam","flashheal","dispelmagic"]
}